requirement_id,domain,release_priority,normalized_requirement,stage10_artifacts,stage10_status,test_contract_status,notes
PRD-TASK-001,AI task lifecycle,P0,"The user-facing AI task is an already completed AI-assisted work use case, not a future to-do item.",10_FRONTEND_CONTRACT/FRONTEND_ARCHITECTURE.md; 10_FRONTEND_CONTRACT/FORM_CONTRACTS.md; 10_FRONTEND_CONTRACT/SCREEN_CONTRACT_MATRIX.csv; 10_FRONTEND_CONTRACT/SCREEN_TO_API_MATRIX.csv; 10_FRONTEND_CONTRACT/FETCHING_AND_API_CLIENT.md; 10_FRONTEND_CONTRACT/FRONTEND_TEST_CONTRACT.md,MAPPED,CONTRACT_DEFINED_EXECUTABLE_MAPPING_STAGE15,No frontend business authority added; current source precedence applied.
PRD-TASK-002,AI task lifecycle,P0,Employee may register an unlimited number of AI tasks.,10_FRONTEND_CONTRACT/FRONTEND_ARCHITECTURE.md; 10_FRONTEND_CONTRACT/FORM_CONTRACTS.md; 10_FRONTEND_CONTRACT/SCREEN_CONTRACT_MATRIX.csv; 10_FRONTEND_CONTRACT/SCREEN_TO_API_MATRIX.csv; 10_FRONTEND_CONTRACT/FETCHING_AND_API_CLIENT.md; 10_FRONTEND_CONTRACT/FRONTEND_TEST_CONTRACT.md,MAPPED,CONTRACT_DEFINED_EXECUTABLE_MAPPING_STAGE15,No frontend business authority added; current source precedence applied.
PRD-TASK-003,AI task lifecycle,P0,Task input supports text.,10_FRONTEND_CONTRACT/FRONTEND_ARCHITECTURE.md; 10_FRONTEND_CONTRACT/FORM_CONTRACTS.md; 10_FRONTEND_CONTRACT/SCREEN_CONTRACT_MATRIX.csv; 10_FRONTEND_CONTRACT/SCREEN_TO_API_MATRIX.csv; 10_FRONTEND_CONTRACT/FETCHING_AND_API_CLIENT.md; 10_FRONTEND_CONTRACT/FRONTEND_TEST_CONTRACT.md,MAPPED,CONTRACT_DEFINED_EXECUTABLE_MAPPING_STAGE15,No frontend business authority added; current source precedence applied.
PRD-TASK-004,AI task lifecycle,P0,Voice flow is record → STT → transcript preview → user correction → submit.,10_FRONTEND_CONTRACT/FRONTEND_ARCHITECTURE.md; 10_FRONTEND_CONTRACT/FORM_CONTRACTS.md; 10_FRONTEND_CONTRACT/SCREEN_CONTRACT_MATRIX.csv; 10_FRONTEND_CONTRACT/SCREEN_TO_API_MATRIX.csv; 10_FRONTEND_CONTRACT/FETCHING_AND_API_CLIENT.md; 10_FRONTEND_CONTRACT/FRONTEND_TEST_CONTRACT.md,MAPPED,CONTRACT_DEFINED_EXECUTABLE_MAPPING_STAGE15,No frontend business authority added; current source precedence applied.
PRD-TASK-005,AI task lifecycle,P0,Source audio is not retained after recognition.,10_FRONTEND_CONTRACT/FRONTEND_ARCHITECTURE.md; 10_FRONTEND_CONTRACT/FORM_CONTRACTS.md; 10_FRONTEND_CONTRACT/SCREEN_CONTRACT_MATRIX.csv; 10_FRONTEND_CONTRACT/SCREEN_TO_API_MATRIX.csv; 10_FRONTEND_CONTRACT/FETCHING_AND_API_CLIENT.md; 10_FRONTEND_CONTRACT/FRONTEND_TEST_CONTRACT.md,MAPPED,CONTRACT_DEFINED_EXECUTABLE_MAPPING_STAGE15,No frontend business authority added; current source precedence applied.
PRD-TASK-006,AI task lifecycle,P0,A task may contain one or more URLs; URLs are stored but not opened/analyzed.,10_FRONTEND_CONTRACT/FRONTEND_ARCHITECTURE.md; 10_FRONTEND_CONTRACT/FORM_CONTRACTS.md; 10_FRONTEND_CONTRACT/SCREEN_CONTRACT_MATRIX.csv; 10_FRONTEND_CONTRACT/SCREEN_TO_API_MATRIX.csv; 10_FRONTEND_CONTRACT/FETCHING_AND_API_CLIENT.md; 10_FRONTEND_CONTRACT/FRONTEND_TEST_CONTRACT.md,MAPPED,CONTRACT_DEFINED_EXECUTABLE_MAPPING_STAGE15,No frontend business authority added; current source precedence applied.
PRD-TASK-007,AI task lifecycle,P0,"Ingestion persists raw input, channel, timestamp and user/context.",10_FRONTEND_CONTRACT/FRONTEND_ARCHITECTURE.md; 10_FRONTEND_CONTRACT/FORM_CONTRACTS.md; 10_FRONTEND_CONTRACT/SCREEN_CONTRACT_MATRIX.csv; 10_FRONTEND_CONTRACT/SCREEN_TO_API_MATRIX.csv; 10_FRONTEND_CONTRACT/FETCHING_AND_API_CLIENT.md; 10_FRONTEND_CONTRACT/FRONTEND_TEST_CONTRACT.md,MAPPED,CONTRACT_DEFINED_EXECUTABLE_MAPPING_STAGE15,No frontend business authority added; current source precedence applied.
PRD-TASK-008,AI task lifecycle,P0,"Processing extracts asserted facts, AI tools, workflow evidence, result and evidence signals.",10_FRONTEND_CONTRACT/FRONTEND_ARCHITECTURE.md; 10_FRONTEND_CONTRACT/FORM_CONTRACTS.md; 10_FRONTEND_CONTRACT/SCREEN_CONTRACT_MATRIX.csv; 10_FRONTEND_CONTRACT/SCREEN_TO_API_MATRIX.csv; 10_FRONTEND_CONTRACT/FETCHING_AND_API_CLIENT.md; 10_FRONTEND_CONTRACT/FRONTEND_TEST_CONTRACT.md,MAPPED,CONTRACT_DEFINED_EXECUTABLE_MAPPING_STAGE15,No frontend business authority added; current source precedence applied.
PRD-TASK-009,AI task lifecycle,P0,Processing performs plausibility assessment before final scoring.,10_FRONTEND_CONTRACT/FRONTEND_ARCHITECTURE.md; 10_FRONTEND_CONTRACT/FORM_CONTRACTS.md; 10_FRONTEND_CONTRACT/SCREEN_CONTRACT_MATRIX.csv; 10_FRONTEND_CONTRACT/SCREEN_TO_API_MATRIX.csv; 10_FRONTEND_CONTRACT/FETCHING_AND_API_CLIENT.md; 10_FRONTEND_CONTRACT/FRONTEND_TEST_CONTRACT.md,MAPPED,CONTRACT_DEFINED_EXECUTABLE_MAPPING_STAGE15,No frontend business authority added; current source precedence applied.
PRD-TASK-010,AI task lifecycle,P0,Clarifications are asked only when needed and share a maximum of three per task version.,10_FRONTEND_CONTRACT/FRONTEND_ARCHITECTURE.md; 10_FRONTEND_CONTRACT/FORM_CONTRACTS.md; 10_FRONTEND_CONTRACT/SCREEN_CONTRACT_MATRIX.csv; 10_FRONTEND_CONTRACT/SCREEN_TO_API_MATRIX.csv; 10_FRONTEND_CONTRACT/FETCHING_AND_API_CLIENT.md; 10_FRONTEND_CONTRACT/FRONTEND_TEST_CONTRACT.md,MAPPED,CONTRACT_DEFINED_EXECUTABLE_MAPPING_STAGE15,No frontend business authority added; current source precedence applied.
PRD-TASK-011,AI task lifecycle,P0,System generates a concise normalized description that the employee does not directly edit.,10_FRONTEND_CONTRACT/FRONTEND_ARCHITECTURE.md; 10_FRONTEND_CONTRACT/FORM_CONTRACTS.md; 10_FRONTEND_CONTRACT/SCREEN_CONTRACT_MATRIX.csv; 10_FRONTEND_CONTRACT/SCREEN_TO_API_MATRIX.csv; 10_FRONTEND_CONTRACT/FETCHING_AND_API_CLIENT.md; 10_FRONTEND_CONTRACT/FRONTEND_TEST_CONTRACT.md,MAPPED,CONTRACT_DEFINED_EXECUTABLE_MAPPING_STAGE15,No frontend business authority added; current source precedence applied.
PRD-TASK-012,AI task lifecycle,P0,System assigns category/subcategory/tags and maps mentioned AI tools.,10_FRONTEND_CONTRACT/FRONTEND_ARCHITECTURE.md; 10_FRONTEND_CONTRACT/FORM_CONTRACTS.md; 10_FRONTEND_CONTRACT/SCREEN_CONTRACT_MATRIX.csv; 10_FRONTEND_CONTRACT/SCREEN_TO_API_MATRIX.csv; 10_FRONTEND_CONTRACT/FETCHING_AND_API_CLIENT.md; 10_FRONTEND_CONTRACT/FRONTEND_TEST_CONTRACT.md,MAPPED,CONTRACT_DEFINED_EXECUTABLE_MAPPING_STAGE15,No frontend business authority added; current source precedence applied.
PRD-TASK-013,AI task lifecycle,P0,System assigns Complexity C1–C5; numerical points come from fixed backend mapping.,10_FRONTEND_CONTRACT/FRONTEND_ARCHITECTURE.md; 10_FRONTEND_CONTRACT/FORM_CONTRACTS.md; 10_FRONTEND_CONTRACT/SCREEN_CONTRACT_MATRIX.csv; 10_FRONTEND_CONTRACT/SCREEN_TO_API_MATRIX.csv; 10_FRONTEND_CONTRACT/FETCHING_AND_API_CLIENT.md; 10_FRONTEND_CONTRACT/FRONTEND_TEST_CONTRACT.md,MAPPED,CONTRACT_DEFINED_EXECUTABLE_MAPPING_STAGE15,No frontend business authority added; current source precedence applied.
PRD-TASK-014,AI task lifecycle,P0,Accepted task is matched to active Monthly Goals and triggers game/progress updates.,10_FRONTEND_CONTRACT/FRONTEND_ARCHITECTURE.md; 10_FRONTEND_CONTRACT/FORM_CONTRACTS.md; 10_FRONTEND_CONTRACT/SCREEN_CONTRACT_MATRIX.csv; 10_FRONTEND_CONTRACT/SCREEN_TO_API_MATRIX.csv; 10_FRONTEND_CONTRACT/FETCHING_AND_API_CLIENT.md; 10_FRONTEND_CONTRACT/FRONTEND_TEST_CONTRACT.md,MAPPED,CONTRACT_DEFINED_EXECUTABLE_MAPPING_STAGE15,No frontend business authority added; current source precedence applied.
PRD-TASK-015,AI task lifecycle,P0,"Post-task result shows points, C-level, normalized description, goal contribution, Evolution XP impact and mascot reaction.",10_FRONTEND_CONTRACT/FRONTEND_ARCHITECTURE.md; 10_FRONTEND_CONTRACT/FORM_CONTRACTS.md; 10_FRONTEND_CONTRACT/SCREEN_CONTRACT_MATRIX.csv; 10_FRONTEND_CONTRACT/SCREEN_TO_API_MATRIX.csv; 10_FRONTEND_CONTRACT/FETCHING_AND_API_CLIENT.md; 10_FRONTEND_CONTRACT/FRONTEND_TEST_CONTRACT.md,MAPPED,CONTRACT_DEFINED_EXECUTABLE_MAPPING_STAGE15,No frontend business authority added; current source precedence applied.
PRD-TASK-016,AI task lifecycle,P0,Category/subcategory/tool detail is available through a details action instead of overloading the compact result card.,10_FRONTEND_CONTRACT/FRONTEND_ARCHITECTURE.md; 10_FRONTEND_CONTRACT/FORM_CONTRACTS.md; 10_FRONTEND_CONTRACT/SCREEN_CONTRACT_MATRIX.csv; 10_FRONTEND_CONTRACT/SCREEN_TO_API_MATRIX.csv; 10_FRONTEND_CONTRACT/FETCHING_AND_API_CLIENT.md; 10_FRONTEND_CONTRACT/FRONTEND_TEST_CONTRACT.md,MAPPED,CONTRACT_DEFINED_EXECUTABLE_MAPPING_STAGE15,No frontend business authority added; current source precedence applied.
PRD-TASK-017,AI task lifecycle,P0,Task date equals application registration date and cannot be backdated.,10_FRONTEND_CONTRACT/FRONTEND_ARCHITECTURE.md; 10_FRONTEND_CONTRACT/FORM_CONTRACTS.md; 10_FRONTEND_CONTRACT/SCREEN_CONTRACT_MATRIX.csv; 10_FRONTEND_CONTRACT/SCREEN_TO_API_MATRIX.csv; 10_FRONTEND_CONTRACT/FETCHING_AND_API_CLIENT.md; 10_FRONTEND_CONTRACT/FRONTEND_TEST_CONTRACT.md,MAPPED,CONTRACT_DEFINED_EXECUTABLE_MAPPING_STAGE15,No frontend business authority added; current source precedence applied.
PRD-TASK-018,AI task lifecycle,P0,Editing a task creates/recalculates a new version; historical versions remain preserved.,10_FRONTEND_CONTRACT/FRONTEND_ARCHITECTURE.md; 10_FRONTEND_CONTRACT/FORM_CONTRACTS.md; 10_FRONTEND_CONTRACT/SCREEN_CONTRACT_MATRIX.csv; 10_FRONTEND_CONTRACT/SCREEN_TO_API_MATRIX.csv; 10_FRONTEND_CONTRACT/FETCHING_AND_API_CLIENT.md; 10_FRONTEND_CONTRACT/FRONTEND_TEST_CONTRACT.md,MAPPED,CONTRACT_DEFINED_EXECUTABLE_MAPPING_STAGE15,No frontend business authority added; current source precedence applied.
PRD-TASK-019,AI task lifecycle,P0,Soft deletion excludes a task from current views/calculations while retaining audit/version history and ledger correction semantics.,10_FRONTEND_CONTRACT/FRONTEND_ARCHITECTURE.md; 10_FRONTEND_CONTRACT/FORM_CONTRACTS.md; 10_FRONTEND_CONTRACT/SCREEN_CONTRACT_MATRIX.csv; 10_FRONTEND_CONTRACT/SCREEN_TO_API_MATRIX.csv; 10_FRONTEND_CONTRACT/FETCHING_AND_API_CLIENT.md; 10_FRONTEND_CONTRACT/FRONTEND_TEST_CONTRACT.md,MAPPED,CONTRACT_DEFINED_EXECUTABLE_MAPPING_STAGE15,No frontend business authority added; current source precedence applied.
PRD-RANK-001,Ratings & privacy,P0,Individual public leaderboard is based on Annual Score for the current calendar year.,10_FRONTEND_CONTRACT/FRONTEND_ARCHITECTURE.md; 10_FRONTEND_CONTRACT/ROUTE_MAP.md; 10_FRONTEND_CONTRACT/SCREEN_CONTRACT_MATRIX.csv; 10_FRONTEND_CONTRACT/SCREEN_TO_API_MATRIX.csv; 10_FRONTEND_CONTRACT/FRONTEND_TEST_CONTRACT.md,MAPPED,CONTRACT_DEFINED_EXECUTABLE_MAPPING_STAGE15,No frontend business authority added; current source precedence applied.
PRD-RANK-002,Ratings & privacy,P0,"Annual Score/current leaderboard reset January 1; pet, HP, Evolution XP, history, achievements and cosmetics persist.",10_FRONTEND_CONTRACT/FRONTEND_ARCHITECTURE.md; 10_FRONTEND_CONTRACT/ROUTE_MAP.md; 10_FRONTEND_CONTRACT/SCREEN_CONTRACT_MATRIX.csv; 10_FRONTEND_CONTRACT/SCREEN_TO_API_MATRIX.csv; 10_FRONTEND_CONTRACT/FRONTEND_TEST_CONTRACT.md,MAPPED,CONTRACT_DEFINED_EXECUTABLE_MAPPING_STAGE15,No frontend business authority added; current source precedence applied.
PRD-RANK-003,Ratings & privacy,P0,Past-year top employees may retain visual status badges/cosmetics without gameplay advantage.,10_FRONTEND_CONTRACT/FRONTEND_ARCHITECTURE.md; 10_FRONTEND_CONTRACT/ROUTE_MAP.md; 10_FRONTEND_CONTRACT/SCREEN_CONTRACT_MATRIX.csv; 10_FRONTEND_CONTRACT/SCREEN_TO_API_MATRIX.csv; 10_FRONTEND_CONTRACT/FRONTEND_TEST_CONTRACT.md,MAPPED,CONTRACT_DEFINED_EXECUTABLE_MAPPING_STAGE15,No frontend business authority added; current source precedence applied.
PRD-RANK-004,Ratings & privacy,P0,"Mandatory public employee fields include rank, name, Annual Score, pet appearance and prior-year status rewards.",10_FRONTEND_CONTRACT/FRONTEND_ARCHITECTURE.md; 10_FRONTEND_CONTRACT/ROUTE_MAP.md; 10_FRONTEND_CONTRACT/SCREEN_CONTRACT_MATRIX.csv; 10_FRONTEND_CONTRACT/SCREEN_TO_API_MATRIX.csv; 10_FRONTEND_CONTRACT/FRONTEND_TEST_CONTRACT.md,MAPPED,CONTRACT_DEFINED_EXECUTABLE_MAPPING_STAGE15,No frontend business authority added; current source precedence applied.
PRD-RANK-005,Ratings & privacy,P0,Directorate ranking uses Average Directorate Score based on annual directorate task/goal points and authorized employee denominator as defined by Product semantics.,10_FRONTEND_CONTRACT/FRONTEND_ARCHITECTURE.md; 10_FRONTEND_CONTRACT/ROUTE_MAP.md; 10_FRONTEND_CONTRACT/SCREEN_CONTRACT_MATRIX.csv; 10_FRONTEND_CONTRACT/SCREEN_TO_API_MATRIX.csv; 10_FRONTEND_CONTRACT/FRONTEND_TEST_CONTRACT.md,MAPPED,CONTRACT_DEFINED_EXECUTABLE_MAPPING_STAGE15,No frontend business authority added; current source precedence applied.
PRD-RANK-006,Ratings & privacy,P0,"Directorate card exposes rank, Average Score, Total Score and authorized employee count.",10_FRONTEND_CONTRACT/FRONTEND_ARCHITECTURE.md; 10_FRONTEND_CONTRACT/ROUTE_MAP.md; 10_FRONTEND_CONTRACT/SCREEN_CONTRACT_MATRIX.csv; 10_FRONTEND_CONTRACT/SCREEN_TO_API_MATRIX.csv; 10_FRONTEND_CONTRACT/FRONTEND_TEST_CONTRACT.md,MAPPED,CONTRACT_DEFINED_EXECUTABLE_MAPPING_STAGE15,No frontend business authority added; current source precedence applied.
PRD-RANK-007,Ratings & privacy,P0,Directorate card includes internal employee leaderboard; profile detail respects peer privacy level.,10_FRONTEND_CONTRACT/FRONTEND_ARCHITECTURE.md; 10_FRONTEND_CONTRACT/ROUTE_MAP.md; 10_FRONTEND_CONTRACT/SCREEN_CONTRACT_MATRIX.csv; 10_FRONTEND_CONTRACT/SCREEN_TO_API_MATRIX.csv; 10_FRONTEND_CONTRACT/FRONTEND_TEST_CONTRACT.md,MAPPED,CONTRACT_DEFINED_EXECUTABLE_MAPPING_STAGE15,No frontend business authority added; current source precedence applied.
PRD-RANK-008,Ratings & privacy,P0,Each task/version preserves directorate_id_at_task_time; pre-transfer points remain attributed historically.,10_FRONTEND_CONTRACT/FRONTEND_ARCHITECTURE.md; 10_FRONTEND_CONTRACT/ROUTE_MAP.md; 10_FRONTEND_CONTRACT/SCREEN_CONTRACT_MATRIX.csv; 10_FRONTEND_CONTRACT/SCREEN_TO_API_MATRIX.csv; 10_FRONTEND_CONTRACT/FRONTEND_TEST_CONTRACT.md,MAPPED,CONTRACT_DEFINED_EXECUTABLE_MAPPING_STAGE15,No frontend business authority added; current source precedence applied.
PRD-RANK-009,Ratings & privacy,P0,Terminated employees leave current individual ranking/current denominator while historical analytics remain.,10_FRONTEND_CONTRACT/FRONTEND_ARCHITECTURE.md; 10_FRONTEND_CONTRACT/ROUTE_MAP.md; 10_FRONTEND_CONTRACT/SCREEN_CONTRACT_MATRIX.csv; 10_FRONTEND_CONTRACT/SCREEN_TO_API_MATRIX.csv; 10_FRONTEND_CONTRACT/FRONTEND_TEST_CONTRACT.md,MAPPED,CONTRACT_DEFINED_EXECUTABLE_MAPPING_STAGE15,No frontend business authority added; current source precedence applied.
PRD-RANK-010,Ratings & privacy,P0,Admin can hide terminated/inactive profiles without deleting history.,10_FRONTEND_CONTRACT/FRONTEND_ARCHITECTURE.md; 10_FRONTEND_CONTRACT/ROUTE_MAP.md; 10_FRONTEND_CONTRACT/SCREEN_CONTRACT_MATRIX.csv; 10_FRONTEND_CONTRACT/SCREEN_TO_API_MATRIX.csv; 10_FRONTEND_CONTRACT/FRONTEND_TEST_CONTRACT.md,MAPPED,CONTRACT_DEFINED_EXECUTABLE_MAPPING_STAGE15,No frontend business authority added; current source precedence applied.
PRD-PRIV-001,Ratings & privacy,P0,"Peer privacy levels are Closed, Standard (default) and Open.",10_FRONTEND_CONTRACT/FRONTEND_ARCHITECTURE.md; 10_FRONTEND_CONTRACT/ROUTE_MAP.md; 10_FRONTEND_CONTRACT/SCREEN_CONTRACT_MATRIX.csv; 10_FRONTEND_CONTRACT/SCREEN_TO_API_MATRIX.csv; 10_FRONTEND_CONTRACT/FRONTEND_TEST_CONTRACT.md,MAPPED,CONTRACT_DEFINED_EXECUTABLE_MAPPING_STAGE15,No frontend business authority added; current source precedence applied.
PRD-PRIV-002,Ratings & privacy,P0,Closed exposes only mandatory public fields.,10_FRONTEND_CONTRACT/FRONTEND_ARCHITECTURE.md; 10_FRONTEND_CONTRACT/ROUTE_MAP.md; 10_FRONTEND_CONTRACT/SCREEN_CONTRACT_MATRIX.csv; 10_FRONTEND_CONTRACT/SCREEN_TO_API_MATRIX.csv; 10_FRONTEND_CONTRACT/FRONTEND_TEST_CONTRACT.md,MAPPED,CONTRACT_DEFINED_EXECUTABLE_MAPPING_STAGE15,No frontend business authority added; current source precedence applied.
PRD-PRIV-003,Ratings & privacy,P0,"Standard adds approved aggregates such as task count, complexity distribution, streak, goals, achievements and AI tools.",10_FRONTEND_CONTRACT/FRONTEND_ARCHITECTURE.md; 10_FRONTEND_CONTRACT/ROUTE_MAP.md; 10_FRONTEND_CONTRACT/SCREEN_CONTRACT_MATRIX.csv; 10_FRONTEND_CONTRACT/SCREEN_TO_API_MATRIX.csv; 10_FRONTEND_CONTRACT/FRONTEND_TEST_CONTRACT.md,MAPPED,CONTRACT_DEFINED_EXECUTABLE_MAPPING_STAGE15,No frontend business authority added; current source precedence applied.
PRD-PRIV-004,Ratings & privacy,P0,"Open additionally exposes normalized AI-case description, tool(s), Complexity and score.",10_FRONTEND_CONTRACT/FRONTEND_ARCHITECTURE.md; 10_FRONTEND_CONTRACT/ROUTE_MAP.md; 10_FRONTEND_CONTRACT/SCREEN_CONTRACT_MATRIX.csv; 10_FRONTEND_CONTRACT/SCREEN_TO_API_MATRIX.csv; 10_FRONTEND_CONTRACT/FRONTEND_TEST_CONTRACT.md,MAPPED,CONTRACT_DEFINED_EXECUTABLE_MAPPING_STAGE15,No frontend business authority added; current source precedence applied.
PRD-PRIV-005,Ratings & privacy,P0,"Raw input, clarification log and task links are never exposed to peers, including Open privacy.",10_FRONTEND_CONTRACT/FRONTEND_ARCHITECTURE.md; 10_FRONTEND_CONTRACT/ROUTE_MAP.md; 10_FRONTEND_CONTRACT/SCREEN_CONTRACT_MATRIX.csv; 10_FRONTEND_CONTRACT/SCREEN_TO_API_MATRIX.csv; 10_FRONTEND_CONTRACT/FRONTEND_TEST_CONTRACT.md,MAPPED,CONTRACT_DEFINED_EXECUTABLE_MAPPING_STAGE15,No frontend business authority added; current source precedence applied.
PRD-PRIV-006,Ratings & privacy,P0,Employee may change privacy at any time; the change applies immediately.,10_FRONTEND_CONTRACT/FRONTEND_ARCHITECTURE.md; 10_FRONTEND_CONTRACT/ROUTE_MAP.md; 10_FRONTEND_CONTRACT/SCREEN_CONTRACT_MATRIX.csv; 10_FRONTEND_CONTRACT/SCREEN_TO_API_MATRIX.csv; 10_FRONTEND_CONTRACT/FRONTEND_TEST_CONTRACT.md,MAPPED,CONTRACT_DEFINED_EXECUTABLE_MAPPING_STAGE15,No frontend business authority added; current source precedence applied.
PRD-PRIV-007,Ratings & privacy,P0,Peer privacy does not restrict authorized Director/Executive/Admin scope.,10_FRONTEND_CONTRACT/FRONTEND_ARCHITECTURE.md; 10_FRONTEND_CONTRACT/ROUTE_MAP.md; 10_FRONTEND_CONTRACT/SCREEN_CONTRACT_MATRIX.csv; 10_FRONTEND_CONTRACT/SCREEN_TO_API_MATRIX.csv; 10_FRONTEND_CONTRACT/FRONTEND_TEST_CONTRACT.md,MAPPED,CONTRACT_DEFINED_EXECUTABLE_MAPPING_STAGE15,No frontend business authority added; current source precedence applied.
PRD-DASH-001,Dashboards & history,P0,Personal Dashboard includes Annual Score.,10_FRONTEND_CONTRACT/FRONTEND_ARCHITECTURE.md; 10_FRONTEND_CONTRACT/SCREEN_CONTRACT_MATRIX.csv; 10_FRONTEND_CONTRACT/SCREEN_TO_API_MATRIX.csv; 10_FRONTEND_CONTRACT/FRONTEND_TEST_CONTRACT.md,MAPPED,CONTRACT_DEFINED_EXECUTABLE_MAPPING_STAGE15,No frontend business authority added; current source precedence applied.
PRD-DASH-002,Dashboards & history,P0,Personal Dashboard includes Lifetime Task Score / Evolution XP.,10_FRONTEND_CONTRACT/FRONTEND_ARCHITECTURE.md; 10_FRONTEND_CONTRACT/SCREEN_CONTRACT_MATRIX.csv; 10_FRONTEND_CONTRACT/SCREEN_TO_API_MATRIX.csv; 10_FRONTEND_CONTRACT/FRONTEND_TEST_CONTRACT.md,MAPPED,CONTRACT_DEFINED_EXECUTABLE_MAPPING_STAGE15,No frontend business authority added; current source precedence applied.
PRD-DASH-003,Dashboards & history,P0,"Personal Dashboard includes task count, Complexity distribution and average Complexity.",10_FRONTEND_CONTRACT/FRONTEND_ARCHITECTURE.md; 10_FRONTEND_CONTRACT/SCREEN_CONTRACT_MATRIX.csv; 10_FRONTEND_CONTRACT/SCREEN_TO_API_MATRIX.csv; 10_FRONTEND_CONTRACT/FRONTEND_TEST_CONTRACT.md,MAPPED,CONTRACT_DEFINED_EXECUTABLE_MAPPING_STAGE15,No frontend business authority added; current source precedence applied.
PRD-DASH-004,Dashboards & history,P0,Personal Dashboard includes AI-active days and current/best streak.,10_FRONTEND_CONTRACT/FRONTEND_ARCHITECTURE.md; 10_FRONTEND_CONTRACT/SCREEN_CONTRACT_MATRIX.csv; 10_FRONTEND_CONTRACT/SCREEN_TO_API_MATRIX.csv; 10_FRONTEND_CONTRACT/FRONTEND_TEST_CONTRACT.md,MAPPED,CONTRACT_DEFINED_EXECUTABLE_MAPPING_STAGE15,No frontend business authority added; current source precedence applied.
PRD-DASH-005,Dashboards & history,P0,Personal Dashboard includes Monthly Goals progress.,10_FRONTEND_CONTRACT/FRONTEND_ARCHITECTURE.md; 10_FRONTEND_CONTRACT/SCREEN_CONTRACT_MATRIX.csv; 10_FRONTEND_CONTRACT/SCREEN_TO_API_MATRIX.csv; 10_FRONTEND_CONTRACT/FRONTEND_TEST_CONTRACT.md,MAPPED,CONTRACT_DEFINED_EXECUTABLE_MAPPING_STAGE15,No frontend business authority added; current source precedence applied.
PRD-DASH-006,Dashboards & history,P0,Personal Dashboard includes AI Tools usage and category/subcategory breakdown.,10_FRONTEND_CONTRACT/FRONTEND_ARCHITECTURE.md; 10_FRONTEND_CONTRACT/SCREEN_CONTRACT_MATRIX.csv; 10_FRONTEND_CONTRACT/SCREEN_TO_API_MATRIX.csv; 10_FRONTEND_CONTRACT/FRONTEND_TEST_CONTRACT.md,MAPPED,CONTRACT_DEFINED_EXECUTABLE_MAPPING_STAGE15,No frontend business authority added; current source precedence applied.
PRD-DASH-007,Dashboards & history,P0,"Personal Dashboard includes activity trend, pet state/evolution and earned achievements/cosmetics.",10_FRONTEND_CONTRACT/FRONTEND_ARCHITECTURE.md; 10_FRONTEND_CONTRACT/SCREEN_CONTRACT_MATRIX.csv; 10_FRONTEND_CONTRACT/SCREEN_TO_API_MATRIX.csv; 10_FRONTEND_CONTRACT/FRONTEND_TEST_CONTRACT.md,MAPPED,CONTRACT_DEFINED_EXECUTABLE_MAPPING_STAGE15,No frontend business authority added; current source precedence applied.
PRD-DASH-008,Dashboards & history,P0,Benchmark comparison metrics do not generate points.,10_FRONTEND_CONTRACT/FRONTEND_ARCHITECTURE.md; 10_FRONTEND_CONTRACT/SCREEN_CONTRACT_MATRIX.csv; 10_FRONTEND_CONTRACT/SCREEN_TO_API_MATRIX.csv; 10_FRONTEND_CONTRACT/FRONTEND_TEST_CONTRACT.md,MAPPED,CONTRACT_DEFINED_EXECUTABLE_MAPPING_STAGE15,No frontend business authority added; current source precedence applied.
PRD-HIST-001,Dashboards & history,P0,History has separate Tasks and Events views.,10_FRONTEND_CONTRACT/FRONTEND_ARCHITECTURE.md; 10_FRONTEND_CONTRACT/SCREEN_CONTRACT_MATRIX.csv; 10_FRONTEND_CONTRACT/SCREEN_TO_API_MATRIX.csv; 10_FRONTEND_CONTRACT/FRONTEND_TEST_CONTRACT.md,MAPPED,CONTRACT_DEFINED_EXECUTABLE_MAPPING_STAGE15,No frontend business authority added; current source precedence applied.
PRD-HIST-002,Dashboards & history,P0,"Task history supports search and filters for period, Complexity, tool, taxonomy, Monthly Goal, status and score.",10_FRONTEND_CONTRACT/FRONTEND_ARCHITECTURE.md; 10_FRONTEND_CONTRACT/SCREEN_CONTRACT_MATRIX.csv; 10_FRONTEND_CONTRACT/SCREEN_TO_API_MATRIX.csv; 10_FRONTEND_CONTRACT/FRONTEND_TEST_CONTRACT.md,MAPPED,CONTRACT_DEFINED_EXECUTABLE_MAPPING_STAGE15,No frontend business authority added; current source precedence applied.
PRD-HIST-003,Dashboards & history,P0,"Event history covers key progress events including Score/XP, goals, streak, evolution, achievements/cosmetics, significant HP transitions, coma/recovery and vacation toggles.",10_FRONTEND_CONTRACT/FRONTEND_ARCHITECTURE.md; 10_FRONTEND_CONTRACT/SCREEN_CONTRACT_MATRIX.csv; 10_FRONTEND_CONTRACT/SCREEN_TO_API_MATRIX.csv; 10_FRONTEND_CONTRACT/FRONTEND_TEST_CONTRACT.md,MAPPED,CONTRACT_DEFINED_EXECUTABLE_MAPPING_STAGE15,No frontend business authority added; current source precedence applied.
PRD-HIST-004,Dashboards & history,P0,Event history should not expose every routine daily HP delta; meaningful health transitions are the required user-facing events.,10_FRONTEND_CONTRACT/FRONTEND_ARCHITECTURE.md; 10_FRONTEND_CONTRACT/SCREEN_CONTRACT_MATRIX.csv; 10_FRONTEND_CONTRACT/SCREEN_TO_API_MATRIX.csv; 10_FRONTEND_CONTRACT/FRONTEND_TEST_CONTRACT.md,MAPPED,CONTRACT_DEFINED_EXECUTABLE_MAPPING_STAGE15,No frontend business authority added; current source precedence applied.
PRD-ANL-001,Dashboards & history,P0,Company analytics visible to ordinary employees is aggregate/anonymous and must not expose identifying raw task data.,10_FRONTEND_CONTRACT/FRONTEND_ARCHITECTURE.md; 10_FRONTEND_CONTRACT/ROUTE_MAP.md; 10_FRONTEND_CONTRACT/SCREEN_CONTRACT_MATRIX.csv; 10_FRONTEND_CONTRACT/SCREEN_TO_API_MATRIX.csv; 10_FRONTEND_CONTRACT/FRONTEND_TEST_CONTRACT.md,MAPPED,CONTRACT_DEFINED_EXECUTABLE_MAPPING_STAGE15,No frontend business authority added; current source precedence applied.
PRD-DIR-001,Dashboards & history,P0,"Director Dashboard covers authorized headcount, Total/Average Score, directorate rank, task dynamics, C1–C5, top tools/categories, goals and employee score/activity list.",10_FRONTEND_CONTRACT/FRONTEND_ARCHITECTURE.md; 10_FRONTEND_CONTRACT/SCREEN_CONTRACT_MATRIX.csv; 10_FRONTEND_CONTRACT/SCREEN_TO_API_MATRIX.csv; 10_FRONTEND_CONTRACT/FRONTEND_TEST_CONTRACT.md,MAPPED,CONTRACT_DEFINED_EXECUTABLE_MAPPING_STAGE15,No frontend business authority added; current source precedence applied.
PRD-DIR-002,Dashboards & history,P0,Director can drill down to employee profile and concrete task inside own directorate.,10_FRONTEND_CONTRACT/FRONTEND_ARCHITECTURE.md; 10_FRONTEND_CONTRACT/SCREEN_CONTRACT_MATRIX.csv; 10_FRONTEND_CONTRACT/SCREEN_TO_API_MATRIX.csv; 10_FRONTEND_CONTRACT/FRONTEND_TEST_CONTRACT.md,MAPPED,CONTRACT_DEFINED_EXECUTABLE_MAPPING_STAGE15,No frontend business authority added; current source precedence applied.
PRD-DIR-003,Dashboards & history,P0,Do not invent a standalone Director 'risks/attention' block not defined by Product.,10_FRONTEND_CONTRACT/FRONTEND_ARCHITECTURE.md; 10_FRONTEND_CONTRACT/SCREEN_CONTRACT_MATRIX.csv; 10_FRONTEND_CONTRACT/SCREEN_TO_API_MATRIX.csv; 10_FRONTEND_CONTRACT/FRONTEND_TEST_CONTRACT.md,MAPPED,CONTRACT_DEFINED_EXECUTABLE_MAPPING_STAGE15,No frontend business authority added; current source precedence applied.
PRD-EXEC-001,Dashboards & history,P0,"Executive Dashboard covers company headcount, task count, average Score/employee, activity dynamics, C1–C5, top tools/categories, goals and directorate ranking.",10_FRONTEND_CONTRACT/FRONTEND_ARCHITECTURE.md; 10_FRONTEND_CONTRACT/SCREEN_CONTRACT_MATRIX.csv; 10_FRONTEND_CONTRACT/SCREEN_TO_API_MATRIX.csv; 10_FRONTEND_CONTRACT/FRONTEND_TEST_CONTRACT.md,MAPPED,CONTRACT_DEFINED_EXECUTABLE_MAPPING_STAGE15,No frontend business authority added; current source precedence applied.
PRD-EXEC-002,Dashboards & history,P0,Executive drilldown is company → directorate → employee → task.,10_FRONTEND_CONTRACT/FRONTEND_ARCHITECTURE.md; 10_FRONTEND_CONTRACT/SCREEN_CONTRACT_MATRIX.csv; 10_FRONTEND_CONTRACT/SCREEN_TO_API_MATRIX.csv; 10_FRONTEND_CONTRACT/FRONTEND_TEST_CONTRACT.md,MAPPED,CONTRACT_DEFINED_EXECUTABLE_MAPPING_STAGE15,No frontend business authority added; current source precedence applied.
PRD-ADMIN-001,Dashboards & history,P0,"Admin modules cover employees/roles, directorates/directors, block/unblock/hide, calendar, taxonomy, AI tools/unrecognized tools, exports, technical scoring trace and audit logs.",10_FRONTEND_CONTRACT/FRONTEND_ARCHITECTURE.md; 10_FRONTEND_CONTRACT/SCREEN_CONTRACT_MATRIX.csv; 10_FRONTEND_CONTRACT/SCREEN_TO_API_MATRIX.csv; 10_FRONTEND_CONTRACT/FRONTEND_TEST_CONTRACT.md,MAPPED,CONTRACT_DEFINED_EXECUTABLE_MAPPING_STAGE15,No frontend business authority added; current source precedence applied.
PRD-TAX-001,"Taxonomy, tools & operations",P0,Task taxonomy has two managed levels Category → Subcategory plus free tags.,10_FRONTEND_CONTRACT/FRONTEND_ARCHITECTURE.md; 10_FRONTEND_CONTRACT/SCREEN_CONTRACT_MATRIX.csv; 10_FRONTEND_CONTRACT/SCREEN_TO_API_MATRIX.csv; 10_FRONTEND_CONTRACT/FRONTEND_TEST_CONTRACT.md,MAPPED,CONTRACT_DEFINED_EXECUTABLE_MAPPING_STAGE15,No frontend business authority added; current source precedence applied.
PRD-TAX-002,"Taxonomy, tools & operations",P0,AI selects from the managed category/subcategory dictionary and must not create categories itself.,10_FRONTEND_CONTRACT/FRONTEND_ARCHITECTURE.md; 10_FRONTEND_CONTRACT/SCREEN_CONTRACT_MATRIX.csv; 10_FRONTEND_CONTRACT/SCREEN_TO_API_MATRIX.csv; 10_FRONTEND_CONTRACT/FRONTEND_TEST_CONTRACT.md,MAPPED,CONTRACT_DEFINED_EXECUTABLE_MAPPING_STAGE15,No frontend business authority added; current source precedence applied.
PRD-TAX-003,"Taxonomy, tools & operations",P0,"Admin may add, rename and deactivate taxonomy entries; historical tasks are not automatically reclassified.",10_FRONTEND_CONTRACT/FRONTEND_ARCHITECTURE.md; 10_FRONTEND_CONTRACT/SCREEN_CONTRACT_MATRIX.csv; 10_FRONTEND_CONTRACT/SCREEN_TO_API_MATRIX.csv; 10_FRONTEND_CONTRACT/FRONTEND_TEST_CONTRACT.md,MAPPED,CONTRACT_DEFINED_EXECUTABLE_MAPPING_STAGE15,No frontend business authority added; current source precedence applied.
PRD-TAX-004,"Taxonomy, tools & operations",P0,Each task version records taxonomy_version; editing an old task classifies the new version with current taxonomy.,10_FRONTEND_CONTRACT/FRONTEND_ARCHITECTURE.md; 10_FRONTEND_CONTRACT/SCREEN_CONTRACT_MATRIX.csv; 10_FRONTEND_CONTRACT/SCREEN_TO_API_MATRIX.csv; 10_FRONTEND_CONTRACT/FRONTEND_TEST_CONTRACT.md,MAPPED,CONTRACT_DEFINED_EXECUTABLE_MAPPING_STAGE15,No frontend business authority added; current source precedence applied.
PRD-TAX-005,"Taxonomy, tools & operations",P0,Top-level taxonomy begins with the Product v1.0 category set; subcategory depth remains two managed levels.,10_FRONTEND_CONTRACT/FRONTEND_ARCHITECTURE.md; 10_FRONTEND_CONTRACT/SCREEN_CONTRACT_MATRIX.csv; 10_FRONTEND_CONTRACT/SCREEN_TO_API_MATRIX.csv; 10_FRONTEND_CONTRACT/FRONTEND_TEST_CONTRACT.md,MAPPED,CONTRACT_DEFINED_EXECUTABLE_MAPPING_STAGE15,No frontend business authority added; current source precedence applied.
PRD-TOOL-001,"Taxonomy, tools & operations",P0,AI tools use a centralized directory with canonical name and aliases.,10_FRONTEND_CONTRACT/FRONTEND_ARCHITECTURE.md; 10_FRONTEND_CONTRACT/SCREEN_CONTRACT_MATRIX.csv; 10_FRONTEND_CONTRACT/SCREEN_TO_API_MATRIX.csv; 10_FRONTEND_CONTRACT/FRONTEND_TEST_CONTRACT.md,MAPPED,CONTRACT_DEFINED_EXECUTABLE_MAPPING_STAGE15,No frontend business authority added; current source precedence applied.
PRD-TOOL-002,"Taxonomy, tools & operations",P0,"A task may reference multiple tools and, when explicitly inferable, stores primary tool, tool role and usage order.",10_FRONTEND_CONTRACT/FRONTEND_ARCHITECTURE.md; 10_FRONTEND_CONTRACT/SCREEN_CONTRACT_MATRIX.csv; 10_FRONTEND_CONTRACT/SCREEN_TO_API_MATRIX.csv; 10_FRONTEND_CONTRACT/FRONTEND_TEST_CONTRACT.md,MAPPED,CONTRACT_DEFINED_EXECUTABLE_MAPPING_STAGE15,No frontend business authority added; current source precedence applied.
PRD-TOOL-003,"Taxonomy, tools & operations",P0,Unrecognized tool name is preserved and does not block the task; Admin may add it later.,10_FRONTEND_CONTRACT/FRONTEND_ARCHITECTURE.md; 10_FRONTEND_CONTRACT/SCREEN_CONTRACT_MATRIX.csv; 10_FRONTEND_CONTRACT/SCREEN_TO_API_MATRIX.csv; 10_FRONTEND_CONTRACT/FRONTEND_TEST_CONTRACT.md,MAPPED,CONTRACT_DEFINED_EXECUTABLE_MAPPING_STAGE15,No frontend business authority added; current source precedence applied.
PRD-TOOL-004,"Taxonomy, tools & operations",P0,Tool model/version inside an AI service is not a required tracked field.,10_FRONTEND_CONTRACT/FRONTEND_ARCHITECTURE.md; 10_FRONTEND_CONTRACT/SCREEN_CONTRACT_MATRIX.csv; 10_FRONTEND_CONTRACT/SCREEN_TO_API_MATRIX.csv; 10_FRONTEND_CONTRACT/FRONTEND_TEST_CONTRACT.md,MAPPED,CONTRACT_DEFINED_EXECUTABLE_MAPPING_STAGE15,No frontend business authority added; current source precedence applied.
PRD-NOTIF-001,"Taxonomy, tools & operations",P0,MVP notifications are in-app only.,10_FRONTEND_CONTRACT/FRONTEND_ARCHITECTURE.md; 10_FRONTEND_CONTRACT/ROUTE_MAP.md; 10_FRONTEND_CONTRACT/SCREEN_CONTRACT_MATRIX.csv; 10_FRONTEND_CONTRACT/SCREEN_TO_API_MATRIX.csv; 10_FRONTEND_CONTRACT/FRONTEND_TEST_CONTRACT.md,MAPPED,CONTRACT_DEFINED_EXECUTABLE_MAPPING_STAGE15,No frontend business authority added; current source precedence applied.
PRD-NOTIF-002,"Taxonomy, tools & operations",P0,"Notification domains include pet health, Monthly Goals, streak, progress events and limited leaderboard events.",10_FRONTEND_CONTRACT/FRONTEND_ARCHITECTURE.md; 10_FRONTEND_CONTRACT/ROUTE_MAP.md; 10_FRONTEND_CONTRACT/SCREEN_CONTRACT_MATRIX.csv; 10_FRONTEND_CONTRACT/SCREEN_TO_API_MATRIX.csv; 10_FRONTEND_CONTRACT/FRONTEND_TEST_CONTRACT.md,MAPPED,CONTRACT_DEFINED_EXECUTABLE_MAPPING_STAGE15,No frontend business authority added; current source precedence applied.
PRD-ADMIN-002,"Taxonomy, tools & operations",P0,"Admin can manage directorates, transfers, directors, system role/status, block/unblock, exceptional manual employees and personnel corrections.",10_FRONTEND_CONTRACT/FRONTEND_ARCHITECTURE.md; 10_FRONTEND_CONTRACT/SCREEN_CONTRACT_MATRIX.csv; 10_FRONTEND_CONTRACT/SCREEN_TO_API_MATRIX.csv; 10_FRONTEND_CONTRACT/FRONTEND_TEST_CONTRACT.md,MAPPED,CONTRACT_DEFINED_EXECUTABLE_MAPPING_STAGE15,No frontend business authority added; current source precedence applied.
PRD-ADMIN-003,"Taxonomy, tools & operations",P0,"Administrative changes are auditable with actor, action, entity, old value, new value and timestamp.",10_FRONTEND_CONTRACT/FRONTEND_ARCHITECTURE.md; 10_FRONTEND_CONTRACT/SCREEN_CONTRACT_MATRIX.csv; 10_FRONTEND_CONTRACT/SCREEN_TO_API_MATRIX.csv; 10_FRONTEND_CONTRACT/FRONTEND_TEST_CONTRACT.md,MAPPED,CONTRACT_DEFINED_EXECUTABLE_MAPPING_STAGE15,No frontend business authority added; current source precedence applied.
PRD-CAL-001,"Taxonomy, tools & operations",P0,"A single corporate calendar defines weekends, official holidays and manually added company non-working days.",10_FRONTEND_CONTRACT/FRONTEND_ARCHITECTURE.md; 10_FRONTEND_CONTRACT/SCREEN_CONTRACT_MATRIX.csv; 10_FRONTEND_CONTRACT/SCREEN_TO_API_MATRIX.csv; 10_FRONTEND_CONTRACT/FRONTEND_TEST_CONTRACT.md,MAPPED,CONTRACT_DEFINED_EXECUTABLE_MAPPING_STAGE15,No frontend business authority added; current source precedence applied.
PRD-EXP-001,"Taxonomy, tools & operations",P0,Exports support XLSX and CSV with role-based scope.,10_FRONTEND_CONTRACT/FRONTEND_ARCHITECTURE.md; 10_FRONTEND_CONTRACT/SCREEN_CONTRACT_MATRIX.csv; 10_FRONTEND_CONTRACT/SCREEN_TO_API_MATRIX.csv; 10_FRONTEND_CONTRACT/FRONTEND_TEST_CONTRACT.md,MAPPED,CONTRACT_DEFINED_EXECUTABLE_MAPPING_STAGE15,No frontend business authority added; current source precedence applied.
PRD-EXP-002,"Taxonomy, tools & operations",P0,"Task-level export can represent current task version or, in audit mode, a specific historical version.",10_FRONTEND_CONTRACT/FRONTEND_ARCHITECTURE.md; 10_FRONTEND_CONTRACT/SCREEN_CONTRACT_MATRIX.csv; 10_FRONTEND_CONTRACT/SCREEN_TO_API_MATRIX.csv; 10_FRONTEND_CONTRACT/FRONTEND_TEST_CONTRACT.md,MAPPED,CONTRACT_DEFINED_EXECUTABLE_MAPPING_STAGE15,No frontend business authority added; current source precedence applied.
VIS-ART-001,Visual & interaction,P0,Visual concept = Modern Airport Companion: near-realistic Pulkovo world + Lyuboznayka emotional focus + strict modern airport-inspired UI + restrained gamification.,10_FRONTEND_CONTRACT/FRONTEND_ARCHITECTURE.md; 10_FRONTEND_CONTRACT/VISUAL_INTEGRATION.md; 10_FRONTEND_CONTRACT/SCREEN_CONTRACT_MATRIX.csv; 10_FRONTEND_CONTRACT/SCREEN_STATE_POLICY.md; 10_FRONTEND_CONTRACT/FRONTEND_TEST_CONTRACT.md,MAPPED,CONTRACT_DEFINED_EXECUTABLE_MAPPING_STAGE15,No frontend business authority added; current source precedence applied.
VIS-ART-002,Visual & interaction,P0,Product should feel youthful/alive but not childish; playful emotionally but strict functionally; bright but not acidic/free-to-play.,10_FRONTEND_CONTRACT/FRONTEND_ARCHITECTURE.md; 10_FRONTEND_CONTRACT/VISUAL_INTEGRATION.md; 10_FRONTEND_CONTRACT/SCREEN_CONTRACT_MATRIX.csv; 10_FRONTEND_CONTRACT/SCREEN_STATE_POLICY.md; 10_FRONTEND_CONTRACT/FRONTEND_TEST_CONTRACT.md,MAPPED,CONTRACT_DEFINED_EXECUTABLE_MAPPING_STAGE15,No frontend business authority added; current source precedence applied.
VIS-ART-003,Visual & interaction,P0,Do not use a domestic cozy-room concept or home décor as the primary environment.,10_FRONTEND_CONTRACT/FRONTEND_ARCHITECTURE.md; 10_FRONTEND_CONTRACT/VISUAL_INTEGRATION.md; 10_FRONTEND_CONTRACT/SCREEN_CONTRACT_MATRIX.csv; 10_FRONTEND_CONTRACT/SCREEN_STATE_POLICY.md; 10_FRONTEND_CONTRACT/FRONTEND_TEST_CONTRACT.md,MAPPED,CONTRACT_DEFINED_EXECUTABLE_MAPPING_STAGE15,No frontend business authority added; current source precedence applied.
VIS-ART-004,Visual & interaction,P0,Retro digital-toy references are secondary only; no pixel/LCD/plastic-console identity as core UI.,10_FRONTEND_CONTRACT/FRONTEND_ARCHITECTURE.md; 10_FRONTEND_CONTRACT/VISUAL_INTEGRATION.md; 10_FRONTEND_CONTRACT/SCREEN_CONTRACT_MATRIX.csv; 10_FRONTEND_CONTRACT/SCREEN_STATE_POLICY.md; 10_FRONTEND_CONTRACT/FRONTEND_TEST_CONTRACT.md,MAPPED,CONTRACT_DEFINED_EXECUTABLE_MAPPING_STAGE15,No frontend business authority added; current source precedence applied.
VIS-MASCOT-001,Visual & interaction,P0,Canonical mascot is the exact approved user-supplied JPEG; derivatives must preserve that identity.,10_FRONTEND_CONTRACT/FRONTEND_ARCHITECTURE.md; 10_FRONTEND_CONTRACT/VISUAL_INTEGRATION.md; 10_FRONTEND_CONTRACT/SCREEN_CONTRACT_MATRIX.csv; 10_FRONTEND_CONTRACT/SCREEN_STATE_POLICY.md; 10_FRONTEND_CONTRACT/FRONTEND_TEST_CONTRACT.md,MAPPED,CONTRACT_DEFINED_EXECUTABLE_MAPPING_STAGE15,No frontend business authority added; current source precedence applied.
VIS-MASCOT-002,Visual & interaction,P0,"Mascot invariants: compact rounded body, huge glossy dark eyes, tiny beak, cream-white soft fur/feathers, warm beige/light-brown accents, short limbs, gentle curious expression.",10_FRONTEND_CONTRACT/FRONTEND_ARCHITECTURE.md; 10_FRONTEND_CONTRACT/VISUAL_INTEGRATION.md; 10_FRONTEND_CONTRACT/SCREEN_CONTRACT_MATRIX.csv; 10_FRONTEND_CONTRACT/SCREEN_STATE_POLICY.md; 10_FRONTEND_CONTRACT/FRONTEND_TEST_CONTRACT.md,MAPPED,CONTRACT_DEFINED_EXECUTABLE_MAPPING_STAGE15,No frontend business authority added; current source precedence applied.
VIS-MASCOT-003,Visual & interaction,P0,Mascot rendering is semi/near-realistic stylized 3D; it must not become a realistic owl or flat cartoon.,10_FRONTEND_CONTRACT/FRONTEND_ARCHITECTURE.md; 10_FRONTEND_CONTRACT/VISUAL_INTEGRATION.md; 10_FRONTEND_CONTRACT/SCREEN_CONTRACT_MATRIX.csv; 10_FRONTEND_CONTRACT/SCREEN_STATE_POLICY.md; 10_FRONTEND_CONTRACT/FRONTEND_TEST_CONTRACT.md,MAPPED,CONTRACT_DEFINED_EXECUTABLE_MAPPING_STAGE15,No frontend business authority added; current source precedence applied.
VIS-MASCOT-004,Visual & interaction,P0,Home is mascot-first; functional screens are function-first and must not decorate every control with mascot imagery.,10_FRONTEND_CONTRACT/FRONTEND_ARCHITECTURE.md; 10_FRONTEND_CONTRACT/VISUAL_INTEGRATION.md; 10_FRONTEND_CONTRACT/SCREEN_CONTRACT_MATRIX.csv; 10_FRONTEND_CONTRACT/SCREEN_STATE_POLICY.md; 10_FRONTEND_CONTRACT/FRONTEND_TEST_CONTRACT.md,MAPPED,CONTRACT_DEFINED_EXECUTABLE_MAPPING_STAGE15,No frontend business authority added; current source precedence applied.
VIS-MASCOT-005,Visual & interaction,P0_BASELINE_DEFERRED_FREEZE,Do not use a persistent first-person mascot speech bubble on Home; ambient copy remains deferrable.,10_FRONTEND_CONTRACT/FRONTEND_ARCHITECTURE.md; 10_FRONTEND_CONTRACT/VISUAL_INTEGRATION.md; 10_FRONTEND_CONTRACT/SCREEN_CONTRACT_MATRIX.csv; 10_FRONTEND_CONTRACT/SCREEN_STATE_POLICY.md; 10_FRONTEND_CONTRACT/FRONTEND_TEST_CONTRACT.md,BASELINE_WITH_DEFERRED_VISUAL_FREEZE,CONTRACT_DEFINED_EXECUTABLE_MAPPING_STAGE15,No frontend business authority added; current source precedence applied.
VIS-WORLD-001,Visual & interaction,P0,Environment source of truth is the approved Pulkovo terminal-interior composition.,10_FRONTEND_CONTRACT/FRONTEND_ARCHITECTURE.md; 10_FRONTEND_CONTRACT/VISUAL_INTEGRATION.md; 10_FRONTEND_CONTRACT/SCREEN_CONTRACT_MATRIX.csv; 10_FRONTEND_CONTRACT/SCREEN_STATE_POLICY.md; 10_FRONTEND_CONTRACT/FRONTEND_TEST_CONTRACT.md,MAPPED,CONTRACT_DEFINED_EXECUTABLE_MAPPING_STAGE15,No frontend business authority added; current source precedence applied.
VIS-WORLD-002,Visual & interaction,P0,"Pulkovo cues: tall bright terminal, warm faceted/golden ceiling, structural supports, glazing/daylight, reflective floor, airport counters/screens/passenger context and restrained people.",10_FRONTEND_CONTRACT/FRONTEND_ARCHITECTURE.md; 10_FRONTEND_CONTRACT/VISUAL_INTEGRATION.md; 10_FRONTEND_CONTRACT/SCREEN_CONTRACT_MATRIX.csv; 10_FRONTEND_CONTRACT/SCREEN_STATE_POLICY.md; 10_FRONTEND_CONTRACT/FRONTEND_TEST_CONTRACT.md,MAPPED,CONTRACT_DEFINED_EXECUTABLE_MAPPING_STAGE15,No frontend business authority added; current source precedence applied.
VIS-WORLD-003,Visual & interaction,P0,Lyuboznayka remains foreground emotional focus; environment must not overpower it.,10_FRONTEND_CONTRACT/FRONTEND_ARCHITECTURE.md; 10_FRONTEND_CONTRACT/VISUAL_INTEGRATION.md; 10_FRONTEND_CONTRACT/SCREEN_CONTRACT_MATRIX.csv; 10_FRONTEND_CONTRACT/SCREEN_STATE_POLICY.md; 10_FRONTEND_CONTRACT/FRONTEND_TEST_CONTRACT.md,MAPPED,CONTRACT_DEFINED_EXECUTABLE_MAPPING_STAGE15,No frontend business authority added; current source precedence applied.
VIS-WORLD-004,Visual & interaction,P0_BASELINE_DEFERRED_FREEZE,Day lighting is implementation baseline; morning/evening/night remain derivative states.,10_FRONTEND_CONTRACT/FRONTEND_ARCHITECTURE.md; 10_FRONTEND_CONTRACT/VISUAL_INTEGRATION.md; 10_FRONTEND_CONTRACT/SCREEN_CONTRACT_MATRIX.csv; 10_FRONTEND_CONTRACT/SCREEN_STATE_POLICY.md; 10_FRONTEND_CONTRACT/FRONTEND_TEST_CONTRACT.md,BASELINE_WITH_DEFERRED_VISUAL_FREEZE,CONTRACT_DEFINED_EXECUTABLE_MAPPING_STAGE15,No frontend business authority added; current source precedence applied.
VIS-HOME-001,Visual & interaction,P0,AI-задача UI semantics = completed AI-assisted work case; no future to-do lifecycle.,10_FRONTEND_CONTRACT/FRONTEND_ARCHITECTURE.md; 10_FRONTEND_CONTRACT/VISUAL_INTEGRATION.md; 10_FRONTEND_CONTRACT/SCREEN_CONTRACT_MATRIX.csv; 10_FRONTEND_CONTRACT/SCREEN_STATE_POLICY.md; 10_FRONTEND_CONTRACT/FRONTEND_TEST_CONTRACT.md,MAPPED,CONTRACT_DEFINED_EXECUTABLE_MAPPING_STAGE15,No frontend business authority added; current source precedence applied.
VIS-HOME-002,Visual & interaction,P0,Mobile bottom navigation = Главная / История / Рейтинг / Профиль.,10_FRONTEND_CONTRACT/FRONTEND_ARCHITECTURE.md; 10_FRONTEND_CONTRACT/VISUAL_INTEGRATION.md; 10_FRONTEND_CONTRACT/SCREEN_CONTRACT_MATRIX.csv; 10_FRONTEND_CONTRACT/SCREEN_STATE_POLICY.md; 10_FRONTEND_CONTRACT/FRONTEND_TEST_CONTRACT.md,MAPPED,CONTRACT_DEFINED_EXECUTABLE_MAPPING_STAGE15,No frontend business authority added; current source precedence applied.
VIS-HOME-003,Visual & interaction,P0,Home primary CTA = «Добавить AI-задачу».,10_FRONTEND_CONTRACT/FRONTEND_ARCHITECTURE.md; 10_FRONTEND_CONTRACT/VISUAL_INTEGRATION.md; 10_FRONTEND_CONTRACT/SCREEN_CONTRACT_MATRIX.csv; 10_FRONTEND_CONTRACT/SCREEN_STATE_POLICY.md; 10_FRONTEND_CONTRACT/FRONTEND_TEST_CONTRACT.md,MAPPED,CONTRACT_DEFINED_EXECUTABLE_MAPPING_STAGE15,No frontend business authority added; current source precedence applied.
VIS-HOME-004,Visual & interaction,P0,Annual Score/rank is not persistently displayed on Home; use Rating/Profile contexts.,10_FRONTEND_CONTRACT/FRONTEND_ARCHITECTURE.md; 10_FRONTEND_CONTRACT/VISUAL_INTEGRATION.md; 10_FRONTEND_CONTRACT/SCREEN_CONTRACT_MATRIX.csv; 10_FRONTEND_CONTRACT/SCREEN_STATE_POLICY.md; 10_FRONTEND_CONTRACT/FRONTEND_TEST_CONTRACT.md,MAPPED,CONTRACT_DEFINED_EXECUTABLE_MAPPING_STAGE15,No frontend business authority added; current source precedence applied.
VIS-HOME-005,Visual & interaction,P0,Evolution XP is not persistently displayed on Home; use Profile/Evolution/result contexts.,10_FRONTEND_CONTRACT/FRONTEND_ARCHITECTURE.md; 10_FRONTEND_CONTRACT/VISUAL_INTEGRATION.md; 10_FRONTEND_CONTRACT/SCREEN_CONTRACT_MATRIX.csv; 10_FRONTEND_CONTRACT/SCREEN_STATE_POLICY.md; 10_FRONTEND_CONTRACT/FRONTEND_TEST_CONTRACT.md,MAPPED,CONTRACT_DEFINED_EXECUTABLE_MAPPING_STAGE15,No frontend business authority added; current source precedence applied.
VIS-HOME-006,Visual & interaction,P0,Home shows compact Monthly Goals progress only; full detail is elsewhere.,10_FRONTEND_CONTRACT/FRONTEND_ARCHITECTURE.md; 10_FRONTEND_CONTRACT/VISUAL_INTEGRATION.md; 10_FRONTEND_CONTRACT/SCREEN_CONTRACT_MATRIX.csv; 10_FRONTEND_CONTRACT/SCREEN_STATE_POLICY.md; 10_FRONTEND_CONTRACT/FRONTEND_TEST_CONTRACT.md,MAPPED,CONTRACT_DEFINED_EXECUTABLE_MAPPING_STAGE15,No frontend business authority added; current source precedence applied.
VIS-HOME-007,Visual & interaction,P0_BASELINE_DEFERRED_FREEZE,Home health presentation baseline = mascot state + detail-on-demand; no persistent numeric HP bar.,10_FRONTEND_CONTRACT/FRONTEND_ARCHITECTURE.md; 10_FRONTEND_CONTRACT/VISUAL_INTEGRATION.md; 10_FRONTEND_CONTRACT/SCREEN_CONTRACT_MATRIX.csv; 10_FRONTEND_CONTRACT/SCREEN_STATE_POLICY.md; 10_FRONTEND_CONTRACT/FRONTEND_TEST_CONTRACT.md,BASELINE_WITH_DEFERRED_VISUAL_FREEZE,CONTRACT_DEFINED_EXECUTABLE_MAPPING_STAGE15,No frontend business authority added; current source precedence applied.
VIS-HOME-008,Visual & interaction,P0_BASELINE_DEFERRED_FREEZE,Do not add permanent feed/play/learn/rest-style game-button row on Home.,10_FRONTEND_CONTRACT/FRONTEND_ARCHITECTURE.md; 10_FRONTEND_CONTRACT/VISUAL_INTEGRATION.md; 10_FRONTEND_CONTRACT/SCREEN_CONTRACT_MATRIX.csv; 10_FRONTEND_CONTRACT/SCREEN_STATE_POLICY.md; 10_FRONTEND_CONTRACT/FRONTEND_TEST_CONTRACT.md,BASELINE_WITH_DEFERRED_VISUAL_FREEZE,CONTRACT_DEFINED_EXECUTABLE_MAPPING_STAGE15,No frontend business authority added; current source precedence applied.
VIS-DS-001,Visual & interaction,P0,"Functional UI is light, strict, modern, airport-inspired with restrained amber/gold accent.",10_FRONTEND_CONTRACT/FRONTEND_ARCHITECTURE.md; 10_FRONTEND_CONTRACT/VISUAL_INTEGRATION.md; 10_FRONTEND_CONTRACT/SCREEN_CONTRACT_MATRIX.csv; 10_FRONTEND_CONTRACT/SCREEN_STATE_POLICY.md; 10_FRONTEND_CONTRACT/FRONTEND_TEST_CONTRACT.md,MAPPED,CONTRACT_DEFINED_EXECUTABLE_MAPPING_STAGE15,No frontend business authority added; current source precedence applied.
VIS-DS-002,Visual & interaction,P0,Functional UX/readability takes priority over decorative 3D/gamification.,10_FRONTEND_CONTRACT/FRONTEND_ARCHITECTURE.md; 10_FRONTEND_CONTRACT/VISUAL_INTEGRATION.md; 10_FRONTEND_CONTRACT/SCREEN_CONTRACT_MATRIX.csv; 10_FRONTEND_CONTRACT/SCREEN_STATE_POLICY.md; 10_FRONTEND_CONTRACT/FRONTEND_TEST_CONTRACT.md,MAPPED,CONTRACT_DEFINED_EXECUTABLE_MAPPING_STAGE15,No frontend business authority added; current source precedence applied.
VIS-DS-003,Visual & interaction,P0,Use current Stage-20 token/component handoff rather than legacy component values.,10_FRONTEND_CONTRACT/FRONTEND_ARCHITECTURE.md; 10_FRONTEND_CONTRACT/VISUAL_INTEGRATION.md; 10_FRONTEND_CONTRACT/SCREEN_CONTRACT_MATRIX.csv; 10_FRONTEND_CONTRACT/SCREEN_STATE_POLICY.md; 10_FRONTEND_CONTRACT/FRONTEND_TEST_CONTRACT.md,MAPPED,CONTRACT_DEFINED_EXECUTABLE_MAPPING_STAGE15,No frontend business authority added; current source precedence applied.
VIS-DS-004,Visual & interaction,P0_BASELINE_DEFERRED_FREEZE,Final runtime font is not frozen; Stage-20 baseline uses Inter + system fallbacks and must remain replaceable.,10_FRONTEND_CONTRACT/FRONTEND_ARCHITECTURE.md; 10_FRONTEND_CONTRACT/VISUAL_INTEGRATION.md; 10_FRONTEND_CONTRACT/SCREEN_CONTRACT_MATRIX.csv; 10_FRONTEND_CONTRACT/SCREEN_STATE_POLICY.md; 10_FRONTEND_CONTRACT/FRONTEND_TEST_CONTRACT.md,BASELINE_WITH_DEFERRED_VISUAL_FREEZE,CONTRACT_DEFINED_EXECUTABLE_MAPPING_STAGE15,No frontend business authority added; current source precedence applied.
VIS-DS-005,Visual & interaction,P0_BASELINE_DEFERRED_FREEZE,Current token palette is implementation baseline; final scene-level color calibration remains a freeze refinement.,10_FRONTEND_CONTRACT/FRONTEND_ARCHITECTURE.md; 10_FRONTEND_CONTRACT/VISUAL_INTEGRATION.md; 10_FRONTEND_CONTRACT/SCREEN_CONTRACT_MATRIX.csv; 10_FRONTEND_CONTRACT/SCREEN_STATE_POLICY.md; 10_FRONTEND_CONTRACT/FRONTEND_TEST_CONTRACT.md,BASELINE_WITH_DEFERRED_VISUAL_FREEZE,CONTRACT_DEFINED_EXECUTABLE_MAPPING_STAGE15,No frontend business authority added; current source precedence applied.
VIS-MOTION-001,Visual & interaction,P0,Navigation motion is fast/restrained; mascot/feedback motion may be more elastic without impairing function.,10_FRONTEND_CONTRACT/FRONTEND_ARCHITECTURE.md; 10_FRONTEND_CONTRACT/VISUAL_INTEGRATION.md; 10_FRONTEND_CONTRACT/SCREEN_CONTRACT_MATRIX.csv; 10_FRONTEND_CONTRACT/SCREEN_STATE_POLICY.md; 10_FRONTEND_CONTRACT/ACCESSIBILITY_CONTRACT.md; 10_FRONTEND_CONTRACT/FRONTEND_TEST_CONTRACT.md,MAPPED,CONTRACT_DEFINED_EXECUTABLE_MAPPING_STAGE15,No frontend business authority added; current source precedence applied.
VIS-MOTION-002,Visual & interaction,P0,Reduced Motion behavior is mandatory; large bounce/squash/motion degrades to restrained fade/scale while preserving feedback.,10_FRONTEND_CONTRACT/FRONTEND_ARCHITECTURE.md; 10_FRONTEND_CONTRACT/VISUAL_INTEGRATION.md; 10_FRONTEND_CONTRACT/SCREEN_CONTRACT_MATRIX.csv; 10_FRONTEND_CONTRACT/SCREEN_STATE_POLICY.md; 10_FRONTEND_CONTRACT/ACCESSIBILITY_CONTRACT.md; 10_FRONTEND_CONTRACT/FRONTEND_TEST_CONTRACT.md,MAPPED,CONTRACT_DEFINED_EXECUTABLE_MAPPING_STAGE15,No frontend business authority added; current source precedence applied.
VIS-MOTION-003,Visual & interaction,P0_BASELINE_DEFERRED_FREEZE,Stage-20 motion values are the implementation baseline; final animation tuning remains open.,10_FRONTEND_CONTRACT/FRONTEND_ARCHITECTURE.md; 10_FRONTEND_CONTRACT/VISUAL_INTEGRATION.md; 10_FRONTEND_CONTRACT/SCREEN_CONTRACT_MATRIX.csv; 10_FRONTEND_CONTRACT/SCREEN_STATE_POLICY.md; 10_FRONTEND_CONTRACT/ACCESSIBILITY_CONTRACT.md; 10_FRONTEND_CONTRACT/FRONTEND_TEST_CONTRACT.md,BASELINE_WITH_DEFERRED_VISUAL_FREEZE,CONTRACT_DEFINED_EXECUTABLE_MAPPING_STAGE15,No frontend business authority added; current source precedence applied.
VIS-RESP-001,Visual & interaction,P0,Mobile is primary; desktop/admin uses dedicated desktop information architecture rather than stretched mobile layouts.,10_FRONTEND_CONTRACT/FRONTEND_ARCHITECTURE.md; 10_FRONTEND_CONTRACT/VISUAL_INTEGRATION.md; 10_FRONTEND_CONTRACT/SCREEN_CONTRACT_MATRIX.csv; 10_FRONTEND_CONTRACT/SCREEN_STATE_POLICY.md; 10_FRONTEND_CONTRACT/RESPONSIVE_CONTRACT.md; 10_FRONTEND_CONTRACT/FRONTEND_TEST_CONTRACT.md,MAPPED,CONTRACT_DEFINED_EXECUTABLE_MAPPING_STAGE15,No frontend business authority added; current source precedence applied.
VIS-RESP-002,Visual & interaction,P0,"Responsive 3D framing preserves mascot face/eyes, CTA and nav safe regions; mascot does not scale linearly with viewport width.",10_FRONTEND_CONTRACT/FRONTEND_ARCHITECTURE.md; 10_FRONTEND_CONTRACT/VISUAL_INTEGRATION.md; 10_FRONTEND_CONTRACT/SCREEN_CONTRACT_MATRIX.csv; 10_FRONTEND_CONTRACT/SCREEN_STATE_POLICY.md; 10_FRONTEND_CONTRACT/RESPONSIVE_CONTRACT.md; 10_FRONTEND_CONTRACT/FRONTEND_TEST_CONTRACT.md,MAPPED,CONTRACT_DEFINED_EXECUTABLE_MAPPING_STAGE15,No frontend business authority added; current source precedence applied.
VIS-3D-001,Visual & interaction,P0,3D planning architecture = HYBRID and functional UI must remain usable when realtime 3D is unavailable.,10_FRONTEND_CONTRACT/FRONTEND_ARCHITECTURE.md; 10_FRONTEND_CONTRACT/VISUAL_INTEGRATION.md; 10_FRONTEND_CONTRACT/SCREEN_CONTRACT_MATRIX.csv; 10_FRONTEND_CONTRACT/SCREEN_STATE_POLICY.md; 10_FRONTEND_CONTRACT/FRONTEND_TEST_CONTRACT.md,MAPPED,CONTRACT_DEFINED_EXECUTABLE_MAPPING_STAGE15,No frontend business authority added; current source precedence applied.
VIS-3D-002,Visual & interaction,P0,Realtime baseline = Three.js + WebGL2-capable web/PWA + glTF 2.0/GLB.,10_FRONTEND_CONTRACT/FRONTEND_ARCHITECTURE.md; 10_FRONTEND_CONTRACT/VISUAL_INTEGRATION.md; 10_FRONTEND_CONTRACT/SCREEN_CONTRACT_MATRIX.csv; 10_FRONTEND_CONTRACT/SCREEN_STATE_POLICY.md; 10_FRONTEND_CONTRACT/FRONTEND_TEST_CONTRACT.md,MAPPED,CONTRACT_DEFINED_EXECUTABLE_MAPPING_STAGE15,No frontend business authority added; current source precedence applied.
VIS-3D-003,Visual & interaction,P0,"3D coordinate convention = 1 unit = 1 meter, right-handed glTF, Y-up.",10_FRONTEND_CONTRACT/FRONTEND_ARCHITECTURE.md; 10_FRONTEND_CONTRACT/VISUAL_INTEGRATION.md; 10_FRONTEND_CONTRACT/SCREEN_CONTRACT_MATRIX.csv; 10_FRONTEND_CONTRACT/SCREEN_STATE_POLICY.md; 10_FRONTEND_CONTRACT/FRONTEND_TEST_CONTRACT.md,MAPPED,CONTRACT_DEFINED_EXECUTABLE_MAPPING_STAGE15,No frontend business authority added; current source precedence applied.
VIS-3D-004,Visual & interaction,P0,Production visual runtime files may be consumed directly only from `08_PRODUCTION_EXPORTS/`.,10_FRONTEND_CONTRACT/FRONTEND_ARCHITECTURE.md; 10_FRONTEND_CONTRACT/VISUAL_INTEGRATION.md; 10_FRONTEND_CONTRACT/SCREEN_CONTRACT_MATRIX.csv; 10_FRONTEND_CONTRACT/SCREEN_STATE_POLICY.md; 10_FRONTEND_CONTRACT/FRONTEND_TEST_CONTRACT.md,MAPPED,CONTRACT_DEFINED_EXECUTABLE_MAPPING_STAGE15,No frontend business authority added; current source precedence applied.
VIS-3D-005,Visual & interaction,P0,Existing package GLBs are Stage-16 technical/proxy assets and must not be promoted as final production 3D.,10_FRONTEND_CONTRACT/FRONTEND_ARCHITECTURE.md; 10_FRONTEND_CONTRACT/VISUAL_INTEGRATION.md; 10_FRONTEND_CONTRACT/SCREEN_CONTRACT_MATRIX.csv; 10_FRONTEND_CONTRACT/SCREEN_STATE_POLICY.md; 10_FRONTEND_CONTRACT/FRONTEND_TEST_CONTRACT.md,MAPPED,CONTRACT_DEFINED_EXECUTABLE_MAPPING_STAGE15,No frontend business authority added; current source precedence applied.
VIS-3D-006,Visual & interaction,P0_EXTERNAL_ASSET_WITH_FALLBACK,Final mascot/world production GLBs are external production dependencies; integrate through explicit interfaces and approved fallbacks.,10_FRONTEND_CONTRACT/FRONTEND_ARCHITECTURE.md; 10_FRONTEND_CONTRACT/VISUAL_INTEGRATION.md; 10_FRONTEND_CONTRACT/SCREEN_CONTRACT_MATRIX.csv; 10_FRONTEND_CONTRACT/SCREEN_STATE_POLICY.md; 10_FRONTEND_CONTRACT/FRONTEND_TEST_CONTRACT.md,EXTERNAL_ASSET_WITH_FRONTEND_FALLBACK,CONTRACT_DEFINED_EXECUTABLE_MAPPING_STAGE15,No frontend business authority added; current source precedence applied.
VIS-3D-007,Visual & interaction,DEFERRED_OPTIONAL,KTX2 remains optional/unvalidated; compatible non-KTX2 path is current baseline.,10_FRONTEND_CONTRACT/FRONTEND_ARCHITECTURE.md; 10_FRONTEND_CONTRACT/VISUAL_INTEGRATION.md; 10_FRONTEND_CONTRACT/SCREEN_CONTRACT_MATRIX.csv; 10_FRONTEND_CONTRACT/SCREEN_STATE_POLICY.md; 10_FRONTEND_CONTRACT/FRONTEND_TEST_CONTRACT.md,DEFERRED_OPTIONAL,CONTRACT_DEFINED_EXECUTABLE_MAPPING_STAGE15,No frontend business authority added; current source precedence applied.
VIS-3D-008,Visual & interaction,P0_BASELINE_DEFERRED_FREEZE,"LOD, memory and file-size numeric budgets are not benchmark-certified; no measured performance claim may be invented.",10_FRONTEND_CONTRACT/FRONTEND_ARCHITECTURE.md; 10_FRONTEND_CONTRACT/VISUAL_INTEGRATION.md; 10_FRONTEND_CONTRACT/SCREEN_CONTRACT_MATRIX.csv; 10_FRONTEND_CONTRACT/SCREEN_STATE_POLICY.md; 10_FRONTEND_CONTRACT/FRONTEND_TEST_CONTRACT.md,BASELINE_WITH_DEFERRED_VISUAL_FREEZE,CONTRACT_DEFINED_EXECUTABLE_MAPPING_STAGE15,No frontend business authority added; current source precedence applied.
VIS-3D-009,Visual & interaction,P0_BASELINE_DEFERRED_FREEZE,Numeric camera/FOV/safe-zone and runtime-lighting values remain tuning items; use current framing/lighting specs as baseline.,10_FRONTEND_CONTRACT/FRONTEND_ARCHITECTURE.md; 10_FRONTEND_CONTRACT/VISUAL_INTEGRATION.md; 10_FRONTEND_CONTRACT/SCREEN_CONTRACT_MATRIX.csv; 10_FRONTEND_CONTRACT/SCREEN_STATE_POLICY.md; 10_FRONTEND_CONTRACT/FRONTEND_TEST_CONTRACT.md,BASELINE_WITH_DEFERRED_VISUAL_FREEZE,CONTRACT_DEFINED_EXECUTABLE_MAPPING_STAGE15,No frontend business authority added; current source precedence applied.
VIS-ASSET-001,Visual & interaction,P0,Old schematic Happy/Coma mascot fallbacks are deprecated; canonical-derived v2 fallbacks are current.,10_FRONTEND_CONTRACT/FRONTEND_ARCHITECTURE.md; 10_FRONTEND_CONTRACT/VISUAL_INTEGRATION.md; 10_FRONTEND_CONTRACT/SCREEN_CONTRACT_MATRIX.csv; 10_FRONTEND_CONTRACT/SCREEN_STATE_POLICY.md; 10_FRONTEND_CONTRACT/FRONTEND_TEST_CONTRACT.md,MAPPED,CONTRACT_DEFINED_EXECUTABLE_MAPPING_STAGE15,No frontend business authority added; current source precedence applied.
VIS-ASSET-002,Visual & interaction,P0,Approved Pulkovo Home Day v2 fallback is current.,10_FRONTEND_CONTRACT/FRONTEND_ARCHITECTURE.md; 10_FRONTEND_CONTRACT/VISUAL_INTEGRATION.md; 10_FRONTEND_CONTRACT/SCREEN_CONTRACT_MATRIX.csv; 10_FRONTEND_CONTRACT/SCREEN_STATE_POLICY.md; 10_FRONTEND_CONTRACT/FRONTEND_TEST_CONTRACT.md,MAPPED,CONTRACT_DEFINED_EXECUTABLE_MAPPING_STAGE15,No frontend business authority added; current source precedence applied.
VIS-QA-001,Visual & interaction,P0,Current Golden Screen set contains 17 v2 references: 15 mobile and 2 desktop.,10_FRONTEND_CONTRACT/FRONTEND_ARCHITECTURE.md; 10_FRONTEND_CONTRACT/VISUAL_INTEGRATION.md; 10_FRONTEND_CONTRACT/SCREEN_CONTRACT_MATRIX.csv; 10_FRONTEND_CONTRACT/SCREEN_STATE_POLICY.md; 10_FRONTEND_CONTRACT/FRONTEND_TEST_CONTRACT.md,MAPPED,CONTRACT_DEFINED_EXECUTABLE_MAPPING_STAGE15,No frontend business authority added; current source precedence applied.
VIS-QA-002,Visual & interaction,P0,Golden Screens are visual regression references and do not replace functional/performance runtime tests.,10_FRONTEND_CONTRACT/FRONTEND_ARCHITECTURE.md; 10_FRONTEND_CONTRACT/VISUAL_INTEGRATION.md; 10_FRONTEND_CONTRACT/SCREEN_CONTRACT_MATRIX.csv; 10_FRONTEND_CONTRACT/SCREEN_STATE_POLICY.md; 10_FRONTEND_CONTRACT/FRONTEND_TEST_CONTRACT.md,MAPPED,CONTRACT_DEFINED_EXECUTABLE_MAPPING_STAGE15,No frontend business authority added; current source precedence applied.
VIS-RIGHTS-001,Visual & interaction,P0,Legal/brand/license/provenance workflow is WAIVED_NON_BLOCKING for project progression; this is not independent legal clearance.,10_FRONTEND_CONTRACT/FRONTEND_ARCHITECTURE.md; 10_FRONTEND_CONTRACT/VISUAL_INTEGRATION.md; 10_FRONTEND_CONTRACT/SCREEN_CONTRACT_MATRIX.csv; 10_FRONTEND_CONTRACT/SCREEN_STATE_POLICY.md; 10_FRONTEND_CONTRACT/FRONTEND_TEST_CONTRACT.md,MAPPED,CONTRACT_DEFINED_EXECUTABLE_MAPPING_STAGE15,No frontend business authority added; current source precedence applied.
VIS-PERF-001,Visual & interaction,P0,Physical-device Stage-16 validation is WAIVED_NON_BLOCKING; no measured FPS/memory/load claim is authorized.,10_FRONTEND_CONTRACT/FRONTEND_ARCHITECTURE.md; 10_FRONTEND_CONTRACT/VISUAL_INTEGRATION.md; 10_FRONTEND_CONTRACT/SCREEN_CONTRACT_MATRIX.csv; 10_FRONTEND_CONTRACT/SCREEN_STATE_POLICY.md; 10_FRONTEND_CONTRACT/FRONTEND_TEST_CONTRACT.md,MAPPED,CONTRACT_DEFINED_EXECUTABLE_MAPPING_STAGE15,No frontend business authority added; current source precedence applied.
VIS-ART-005,Visual & interaction,P0_BASELINE_DEFERRED_FREEZE,Final app identity/logo must not be invented until supplied/approved.,10_FRONTEND_CONTRACT/FRONTEND_ARCHITECTURE.md; 10_FRONTEND_CONTRACT/VISUAL_INTEGRATION.md; 10_FRONTEND_CONTRACT/SCREEN_CONTRACT_MATRIX.csv; 10_FRONTEND_CONTRACT/SCREEN_STATE_POLICY.md; 10_FRONTEND_CONTRACT/FRONTEND_TEST_CONTRACT.md,BASELINE_WITH_DEFERRED_VISUAL_FREEZE,CONTRACT_DEFINED_EXECUTABLE_MAPPING_STAGE15,No frontend business authority added; current source precedence applied.
VIS-ASSET-003,Visual & interaction,P0_BASELINE_DEFERRED_FREEZE,Release-specific achievement/cosmetic art may use generic badge/icon fallback; do not invent final release inventory.,10_FRONTEND_CONTRACT/FRONTEND_ARCHITECTURE.md; 10_FRONTEND_CONTRACT/VISUAL_INTEGRATION.md; 10_FRONTEND_CONTRACT/SCREEN_CONTRACT_MATRIX.csv; 10_FRONTEND_CONTRACT/SCREEN_STATE_POLICY.md; 10_FRONTEND_CONTRACT/FRONTEND_TEST_CONTRACT.md,BASELINE_WITH_DEFERRED_VISUAL_FREEZE,CONTRACT_DEFINED_EXECUTABLE_MAPPING_STAGE15,No frontend business authority added; current source precedence applied.
VIS-ASSET-004,Visual & interaction,P0_BASELINE_DEFERRED_FREEZE,Final evolution-branch art must not be invented; canonical/base mascot treatment remains valid until branch assets exist.,10_FRONTEND_CONTRACT/FRONTEND_ARCHITECTURE.md; 10_FRONTEND_CONTRACT/VISUAL_INTEGRATION.md; 10_FRONTEND_CONTRACT/SCREEN_CONTRACT_MATRIX.csv; 10_FRONTEND_CONTRACT/SCREEN_STATE_POLICY.md; 10_FRONTEND_CONTRACT/FRONTEND_TEST_CONTRACT.md,BASELINE_WITH_DEFERRED_VISUAL_FREEZE,CONTRACT_DEFINED_EXECUTABLE_MAPPING_STAGE15,No frontend business authority added; current source precedence applied.
VIS-HANDOFF-001,Visual & interaction,P0,Current developer consumption filenames are the Stage-20 canonical files named by the handoff index even where versioned lineage companions exist.,10_FRONTEND_CONTRACT/FRONTEND_ARCHITECTURE.md; 10_FRONTEND_CONTRACT/VISUAL_INTEGRATION.md; 10_FRONTEND_CONTRACT/SCREEN_CONTRACT_MATRIX.csv; 10_FRONTEND_CONTRACT/SCREEN_STATE_POLICY.md; 10_FRONTEND_CONTRACT/FRONTEND_TEST_CONTRACT.md,MAPPED,CONTRACT_DEFINED_EXECUTABLE_MAPPING_STAGE15,No frontend business authority added; current source precedence applied.
VIS-HANDOFF-002,Visual & interaction,P0_BASELINE_DEFERRED_FREEZE,No live Figma workspace/master link is available; file-based handoff is the current source.,10_FRONTEND_CONTRACT/FRONTEND_ARCHITECTURE.md; 10_FRONTEND_CONTRACT/VISUAL_INTEGRATION.md; 10_FRONTEND_CONTRACT/SCREEN_CONTRACT_MATRIX.csv; 10_FRONTEND_CONTRACT/SCREEN_STATE_POLICY.md; 10_FRONTEND_CONTRACT/FRONTEND_TEST_CONTRACT.md,BASELINE_WITH_DEFERRED_VISUAL_FREEZE,CONTRACT_DEFINED_EXECUTABLE_MAPPING_STAGE15,No frontend business authority added; current source precedence applied.
PRD-AMBIENT-001,Ambient & pet interaction,P0,"Pet tone is cute, emotional and slightly naive but not overly childish; copy stays short and avoids corporate bureaucracy, sarcasm and complex humor.",10_FRONTEND_CONTRACT/FRONTEND_ARCHITECTURE.md; 10_FRONTEND_CONTRACT/SCREEN_CONTRACT_MATRIX.csv; 10_FRONTEND_CONTRACT/SCREEN_TO_API_MATRIX.csv; 10_FRONTEND_CONTRACT/FRONTEND_TEST_CONTRACT.md,MAPPED,CONTRACT_DEFINED_EXECUTABLE_MAPPING_STAGE15,No frontend business authority added; current source precedence applied.
PRD-AMBIENT-002,Ambient & pet interaction,P0,Ambient mascot reactions/copy are limited to at most 1–2 occurrences per day.,10_FRONTEND_CONTRACT/FRONTEND_ARCHITECTURE.md; 10_FRONTEND_CONTRACT/SCREEN_CONTRACT_MATRIX.csv; 10_FRONTEND_CONTRACT/SCREEN_TO_API_MATRIX.csv; 10_FRONTEND_CONTRACT/FRONTEND_TEST_CONTRACT.md,MAPPED,CONTRACT_DEFINED_EXECUTABLE_MAPPING_STAGE15,No frontend business authority added; current source precedence applied.
PRD-AMBIENT-003,Ambient & pet interaction,P0,"Ambient external context is limited to Saint Petersburg weather/temperature/precipitation, season, time of day, day of week and official holidays.",10_FRONTEND_CONTRACT/FRONTEND_ARCHITECTURE.md; 10_FRONTEND_CONTRACT/SCREEN_CONTRACT_MATRIX.csv; 10_FRONTEND_CONTRACT/SCREEN_TO_API_MATRIX.csv; 10_FRONTEND_CONTRACT/FRONTEND_TEST_CONTRACT.md,MAPPED,CONTRACT_DEFINED_EXECUTABLE_MAPPING_STAGE15,No frontend business authority added; current source precedence applied.
PRD-AMBIENT-004,Ambient & pet interaction,P0,"Ambient layer excludes news, politics and complex information search.",10_FRONTEND_CONTRACT/FRONTEND_ARCHITECTURE.md; 10_FRONTEND_CONTRACT/SCREEN_CONTRACT_MATRIX.csv; 10_FRONTEND_CONTRACT/SCREEN_TO_API_MATRIX.csv; 10_FRONTEND_CONTRACT/FRONTEND_TEST_CONTRACT.md,MAPPED,CONTRACT_DEFINED_EXECUTABLE_MAPPING_STAGE15,No frontend business authority added; current source precedence applied.
PRD-PETACT-001,Ambient & pet interaction,P0,"MVP includes lightweight pet actions such as petting, a short 2–3 second play interaction and call/visual reaction; they provide no gameplay advantage and use no sound.",10_FRONTEND_CONTRACT/FRONTEND_ARCHITECTURE.md; 10_FRONTEND_CONTRACT/SCREEN_CONTRACT_MATRIX.csv; 10_FRONTEND_CONTRACT/SCREEN_TO_API_MATRIX.csv; 10_FRONTEND_CONTRACT/FRONTEND_TEST_CONTRACT.md,MAPPED,CONTRACT_DEFINED_EXECUTABLE_MAPPING_STAGE15,No frontend business authority added; current source precedence applied.
PRD-ACH-001,Achievements & collection,P0,Achievements / Collection user surface shows only earned achievements and cosmetics; it does not expose an invented locked catalog.,10_FRONTEND_CONTRACT/FRONTEND_ARCHITECTURE.md; 10_FRONTEND_CONTRACT/SCREEN_CONTRACT_MATRIX.csv; 10_FRONTEND_CONTRACT/SCREEN_TO_API_MATRIX.csv; 10_FRONTEND_CONTRACT/FRONTEND_TEST_CONTRACT.md,MAPPED,CONTRACT_DEFINED_EXECUTABLE_MAPPING_STAGE15,No frontend business authority added; current source precedence applied.
PRD-NFR-004,Non-functional requirements,P0,"Accessibility baseline includes readable contrast, scalable text, adequate touch targets, correct form labels and keyboard support for web.",10_FRONTEND_CONTRACT/FRONTEND_ARCHITECTURE.md; 10_FRONTEND_CONTRACT/ACCESSIBILITY_CONTRACT.md; 10_FRONTEND_CONTRACT/I18N_CONTRACT.md; 10_FRONTEND_CONTRACT/PWA_CONTRACT.md; 10_FRONTEND_CONTRACT/RESPONSIVE_CONTRACT.md; 10_FRONTEND_CONTRACT/FRONTEND_TEST_CONTRACT.md,MAPPED,CONTRACT_DEFINED_EXECUTABLE_MAPPING_STAGE15,No frontend business authority added; current source precedence applied.
PRD-NFR-005,Non-functional requirements,P0,MVP UI language is Russian and user-facing strings must be externalized through a localization layer rather than hardcoded.,10_FRONTEND_CONTRACT/FRONTEND_ARCHITECTURE.md; 10_FRONTEND_CONTRACT/ACCESSIBILITY_CONTRACT.md; 10_FRONTEND_CONTRACT/I18N_CONTRACT.md; 10_FRONTEND_CONTRACT/PWA_CONTRACT.md; 10_FRONTEND_CONTRACT/RESPONSIVE_CONTRACT.md; 10_FRONTEND_CONTRACT/FRONTEND_TEST_CONTRACT.md,MAPPED,CONTRACT_DEFINED_EXECUTABLE_MAPPING_STAGE15,No frontend business authority added; current source precedence applied.
PRD-SCREEN-001,Release screen surface,P0,"MVP screen surface covers onboarding, Monthly Goal setup, Home, Add AI case, Result, History Tasks/Events, employee/directorate ratings, anonymous analytics, public employee profile, Profile, Achievements/Collection, scoring explainer, Director Dashboard, Executive Dashboard and Admin Panel, interpreted through current v2 navigation/Home overrides.",10_FRONTEND_CONTRACT/FRONTEND_ARCHITECTURE.md; 10_FRONTEND_CONTRACT/ROUTE_MAP.md; 10_FRONTEND_CONTRACT/SCREEN_CONTRACT_MATRIX.csv; 10_FRONTEND_CONTRACT/SCREEN_TO_API_MATRIX.csv; 10_FRONTEND_CONTRACT/FRONTEND_TEST_CONTRACT.md,MAPPED,CONTRACT_DEFINED_EXECUTABLE_MAPPING_STAGE15,No frontend business authority added; current source precedence applied.
PRD-ACH-002,Achievements & collection,P0_BASELINE_DEFERRED_FREEZE,"MVP content planning uses approximately 20–30 achievements as a working orientation; exact achievement inventory, rewards and release-specific art remain content/balance items rather than a frozen mandatory list.",10_FRONTEND_CONTRACT/FRONTEND_ARCHITECTURE.md; 10_FRONTEND_CONTRACT/SCREEN_CONTRACT_MATRIX.csv; 10_FRONTEND_CONTRACT/SCREEN_TO_API_MATRIX.csv; 10_FRONTEND_CONTRACT/FRONTEND_TEST_CONTRACT.md,BASELINE_WITH_DEFERRED_VISUAL_FREEZE,CONTRACT_DEFINED_EXECUTABLE_MAPPING_STAGE15,No frontend business authority added; current source precedence applied.
PRD-NFR-009,Non-functional requirements,P0,"Home, leaderboard and dashboard basic data have a Product target of p95 under 2 seconds at normal load; AI task processing may be asynchronous within the current session with a clear progress state.",10_FRONTEND_CONTRACT/FRONTEND_ARCHITECTURE.md; 10_FRONTEND_CONTRACT/ACCESSIBILITY_CONTRACT.md; 10_FRONTEND_CONTRACT/I18N_CONTRACT.md; 10_FRONTEND_CONTRACT/PWA_CONTRACT.md; 10_FRONTEND_CONTRACT/RESPONSIVE_CONTRACT.md; 10_FRONTEND_CONTRACT/FRONTEND_TEST_CONTRACT.md,MAPPED,CONTRACT_DEFINED_EXECUTABLE_MAPPING_STAGE15,No frontend business authority added; current source precedence applied.
PRD-PETTIMELINE-001,Dashboards & history,P0,"Profile/history includes a compact Pet Timeline covering evolution stages, branch choice, major achievements, rare cosmetics and annual awards; routine daily HP changes are excluded.",10_FRONTEND_CONTRACT/FRONTEND_ARCHITECTURE.md; 10_FRONTEND_CONTRACT/SCREEN_CONTRACT_MATRIX.csv; 10_FRONTEND_CONTRACT/SCREEN_TO_API_MATRIX.csv; 10_FRONTEND_CONTRACT/FRONTEND_TEST_CONTRACT.md,MAPPED,CONTRACT_DEFINED_EXECUTABLE_MAPPING_STAGE15,No frontend business authority added; current source precedence applied.
PRD-ANL-002,Dashboards & history,P0,"Employee-facing anonymous Company Analytics supports current month, previous month, current year and custom-period filters, with comparison to a comparable previous period for key KPIs.",10_FRONTEND_CONTRACT/FRONTEND_ARCHITECTURE.md; 10_FRONTEND_CONTRACT/ROUTE_MAP.md; 10_FRONTEND_CONTRACT/SCREEN_CONTRACT_MATRIX.csv; 10_FRONTEND_CONTRACT/SCREEN_TO_API_MATRIX.csv; 10_FRONTEND_CONTRACT/FRONTEND_TEST_CONTRACT.md,MAPPED,CONTRACT_DEFINED_EXECUTABLE_MAPPING_STAGE15,No frontend business authority added; current source precedence applied.
PRD-ANL-003,Dashboards & history,P0,Employee-facing anonymous Company Analytics does not include a separate AI Maturity Trends block and does not compare directorates.,10_FRONTEND_CONTRACT/FRONTEND_ARCHITECTURE.md; 10_FRONTEND_CONTRACT/ROUTE_MAP.md; 10_FRONTEND_CONTRACT/SCREEN_CONTRACT_MATRIX.csv; 10_FRONTEND_CONTRACT/SCREEN_TO_API_MATRIX.csv; 10_FRONTEND_CONTRACT/FRONTEND_TEST_CONTRACT.md,MAPPED,CONTRACT_DEFINED_EXECUTABLE_MAPPING_STAGE15,No frontend business authority added; current source precedence applied.
